-- Tokko Reference Data Seed
-- Generated from Tokko API outputs
-- Run this AFTER running schema.sql

-- Countries
INSERT INTO tokko_country (id, iso_code, name, resource_uri) VALUES
(1, 'AR', 'Argentina', '/api/v1/country/1/'),
(2, 'UY', 'Uruguay', '/api/v1/country/2/'),
(3, 'BR', 'Brasil', '/api/v1/country/3/'),
(4, 'PE', 'Peru', '/api/v1/country/4/'),
(5, 'CO', 'Colombia', '/api/v1/country/5/'),
(6, 'US', 'Estados Unidos', '/api/v1/country/6/'),
(7, 'PY', 'Paraguay', '/api/v1/country/7/'),
(8, 'ES', 'España', '/api/v1/country/8/'),
(9, 'CH', 'Chile', '/api/v1/country/9/'),
(10, '00', 'Otro', '/api/v1/country/10/'),
(11, 'EC', 'Ecuador', '/api/v1/country/11/'),
(12, 'RD', 'Republica Dominicana', '/api/v1/country/12/'),
(13, 'PA', 'Panamá', '/api/v1/country/13/'),
(14, 'MX', 'México', '/api/v1/country/14/'),
(15, 'CR', 'Costa Rica', '/api/v1/country/15/'),
(16, 'HN', 'Honduras', '/api/v1/country/16/'),
(17, 'GT', 'Guatemala', '/api/v1/country/17/'),
(18, 'UK', 'Reino Unido', '/api/v1/country/18/'),
(19, 'AE', 'Emiratos Árabes Unidos', '/api/v1/country/19/'),
(20, 'VE', 'Venezuela', '/api/v1/country/20/')
ON CONFLICT (id) DO UPDATE SET iso_code = EXCLUDED.iso_code, name = EXCLUDED.name, resource_uri = EXCLUDED.resource_uri;

-- States (All Countries)
INSERT INTO tokko_state (id, country_id, name, sap_code, resource_uri) VALUES
(146, 1, 'Capital Federal', NULL, '/api/v1/state/146/'),
(147, 1, 'G.B.A. Zona Norte', NULL, '/api/v1/state/147/'),
(148, 1, 'G.B.A. Zona Oeste', NULL, '/api/v1/state/148/'),
(149, 1, 'G.B.A. Zona Sur', NULL, '/api/v1/state/149/'),
(150, 1, 'Costa Atlantica', NULL, '/api/v1/state/150/'),
(151, 1, 'Interior Buenos Aires', NULL, '/api/v1/state/151/'),
(152, 1, 'Catamarca', NULL, '/api/v1/state/152/'),
(153, 1, 'Chaco', NULL, '/api/v1/state/153/'),
(154, 1, 'Chubut', NULL, '/api/v1/state/154/'),
(155, 1, 'Cordoba', NULL, '/api/v1/state/155/'),
(156, 1, 'Corrientes', NULL, '/api/v1/state/156/'),
(157, 1, 'Entre Rios', NULL, '/api/v1/state/157/'),
(158, 1, 'Formosa', NULL, '/api/v1/state/158/'),
(159, 1, 'Jujuy', NULL, '/api/v1/state/159/'),
(160, 1, 'La Pampa', NULL, '/api/v1/state/160/'),
(161, 1, 'La Rioja', NULL, '/api/v1/state/161/'),
(162, 1, 'Mendoza', NULL, '/api/v1/state/162/'),
(163, 1, 'Misiones', NULL, '/api/v1/state/163/'),
(164, 1, 'Neuquen', NULL, '/api/v1/state/164/'),
(165, 1, 'Rio Negro', NULL, '/api/v1/state/165/'),
(166, 1, 'Salta', NULL, '/api/v1/state/166/'),
(167, 1, 'San Juan', NULL, '/api/v1/state/167/'),
(168, 1, 'San Luis', NULL, '/api/v1/state/168/'),
(169, 1, 'Santa Cruz', NULL, '/api/v1/state/169/'),
(170, 1, 'Santa Fe', NULL, '/api/v1/state/170/'),
(171, 1, 'Santiago Del Estero', NULL, '/api/v1/state/171/'),
(172, 1, 'Tierra Del Fuego', NULL, '/api/v1/state/172/'),
(173, 1, 'Tucumán', NULL, '/api/v1/state/173/'),
(174, 2, 'Rocha', NULL, '/api/v1/state/174/'),
(175, 2, 'Maldonado', NULL, '/api/v1/state/175/'),
(177, 2, 'Artigas', NULL, '/api/v1/state/177/'),
(178, 2, 'Canelones', NULL, '/api/v1/state/178/'),
(179, 2, 'Cerro Largo', NULL, '/api/v1/state/179/'),
(180, 2, 'Colonia', NULL, '/api/v1/state/180/'),
(181, 2, 'Durazno', NULL, '/api/v1/state/181/'),
(182, 2, 'Flores', NULL, '/api/v1/state/182/'),
(183, 2, 'Florida', NULL, '/api/v1/state/183/'),
(184, 2, 'Lavalleja', NULL, '/api/v1/state/184/'),
(185, 2, 'Montevideo', NULL, '/api/v1/state/185/'),
(186, 2, 'Paysandú', NULL, '/api/v1/state/186/'),
(187, 2, 'Rivera', NULL, '/api/v1/state/187/'),
(188, 2, 'Río Negro', NULL, '/api/v1/state/188/'),
(189, 2, 'Salto', NULL, '/api/v1/state/189/'),
(190, 2, 'San José', NULL, '/api/v1/state/190/'),
(191, 2, 'Soriano', NULL, '/api/v1/state/191/'),
(192, 2, 'Tacuarembó', NULL, '/api/v1/state/192/'),
(193, 2, 'Treinta y Tres', NULL, '/api/v1/state/193/'),
(176, 3, 'Brasil', NULL, '/api/v1/state/176/'),
(280, 3, 'Acre', NULL, '/api/v1/state/280/'),
(281, 3, 'Alagoas', NULL, '/api/v1/state/281/'),
(282, 3, 'Amapá', NULL, '/api/v1/state/282/'),
(283, 3, 'Amazonas', NULL, '/api/v1/state/283/'),
(284, 3, 'Bahia', NULL, '/api/v1/state/284/'),
(285, 3, 'Ceará', NULL, '/api/v1/state/285/'),
(286, 3, 'China', NULL, '/api/v1/state/286/'),
(287, 3, 'Distrito Federal', NULL, '/api/v1/state/287/'),
(288, 3, 'Espírito Santo', NULL, '/api/v1/state/288/'),
(289, 3, 'Estados Unidos', NULL, '/api/v1/state/289/'),
(290, 3, 'Goiás', NULL, '/api/v1/state/290/'),
(291, 3, 'Maranhão', NULL, '/api/v1/state/291/'),
(292, 3, 'Mato Grosso', NULL, '/api/v1/state/292/'),
(293, 3, 'Mato Grosso do Sul', NULL, '/api/v1/state/293/'),
(294, 3, 'Minas Gerais', NULL, '/api/v1/state/294/'),
(295, 3, 'Paraná', NULL, '/api/v1/state/295/'),
(296, 3, 'Paraíba', NULL, '/api/v1/state/296/'),
(297, 3, 'Pará', NULL, '/api/v1/state/297/'),
(298, 3, 'Pernambuco', NULL, '/api/v1/state/298/'),
(299, 3, 'Piauí', NULL, '/api/v1/state/299/'),
(300, 3, 'Reino Unido', NULL, '/api/v1/state/300/'),
(301, 3, 'Rio Grande do Norte', NULL, '/api/v1/state/301/'),
(302, 3, 'Rio Grande do Sul', NULL, '/api/v1/state/302/'),
(303, 3, 'Rio de Janeiro', NULL, '/api/v1/state/303/'),
(304, 3, 'Rondônia', NULL, '/api/v1/state/304/'),
(305, 3, 'Roraima', NULL, '/api/v1/state/305/'),
(306, 3, 'Santa Catarina', NULL, '/api/v1/state/306/'),
(307, 3, 'Sergipe', NULL, '/api/v1/state/307/'),
(308, 3, 'São Paulo', NULL, '/api/v1/state/308/'),
(309, 3, 'Tocantins', NULL, '/api/v1/state/309/'),
(252, 4, 'Lima', NULL, '/api/v1/state/252/'),
(372, 4, 'Peru', NULL, '/api/v1/state/372/'),
(373, 4, 'Amazonas', NULL, '/api/v1/state/373/'),
(374, 4, 'Ancash', NULL, '/api/v1/state/374/'),
(375, 4, 'Apurimac', NULL, '/api/v1/state/375/'),
(376, 4, 'Arequipa', NULL, '/api/v1/state/376/'),
(377, 4, 'Ayacucho', NULL, '/api/v1/state/377/'),
(378, 4, 'Cajamarca', NULL, '/api/v1/state/378/'),
(379, 4, 'Callao', NULL, '/api/v1/state/379/'),
(380, 4, 'Cusco', NULL, '/api/v1/state/380/'),
(381, 4, 'Huancavelica', NULL, '/api/v1/state/381/'),
(382, 4, 'Huánuco', NULL, '/api/v1/state/382/'),
(383, 4, 'Ica', NULL, '/api/v1/state/383/'),
(384, 4, 'Junín', NULL, '/api/v1/state/384/'),
(385, 4, 'La Libertad', NULL, '/api/v1/state/385/'),
(386, 4, 'Lambayeque', NULL, '/api/v1/state/386/'),
(387, 4, 'Loreto', NULL, '/api/v1/state/387/'),
(388, 4, 'Madre de Dios', NULL, '/api/v1/state/388/'),
(389, 4, 'Moquegua', NULL, '/api/v1/state/389/'),
(390, 4, 'Otros Paises', NULL, '/api/v1/state/390/'),
(391, 4, 'Pasco', NULL, '/api/v1/state/391/'),
(392, 4, 'Piura', NULL, '/api/v1/state/392/'),
(393, 4, 'Puno', NULL, '/api/v1/state/393/'),
(394, 4, 'San Martin', NULL, '/api/v1/state/394/'),
(395, 4, 'Tacna', NULL, '/api/v1/state/395/'),
(396, 4, 'Tumbes', NULL, '/api/v1/state/396/'),
(397, 4, 'Ucayali', NULL, '/api/v1/state/397/'),
(525, 4, 'Peru urbania', NULL, '/api/v1/state/525/'),
(195, 6, 'Alabama', NULL, '/api/v1/state/195/'),
(196, 6, 'Alaska', NULL, '/api/v1/state/196/'),
(197, 6, 'Arizona', NULL, '/api/v1/state/197/'),
(198, 6, 'Arkansas', NULL, '/api/v1/state/198/'),
(199, 6, 'California', NULL, '/api/v1/state/199/'),
(200, 6, 'Colorado', NULL, '/api/v1/state/200/'),
(201, 6, 'Connecticut', NULL, '/api/v1/state/201/'),
(202, 6, 'Delaware', NULL, '/api/v1/state/202/'),
(203, 6, 'D.C.', NULL, '/api/v1/state/203/'),
(204, 6, 'Florida', NULL, '/api/v1/state/204/'),
(205, 6, 'Georgia', NULL, '/api/v1/state/205/'),
(206, 6, 'Guam', NULL, '/api/v1/state/206/'),
(207, 6, 'Hawaii', NULL, '/api/v1/state/207/'),
(208, 6, 'Idaho', NULL, '/api/v1/state/208/'),
(209, 6, 'Illinois', NULL, '/api/v1/state/209/'),
(210, 6, 'Indiana', NULL, '/api/v1/state/210/'),
(211, 6, 'Iowa', NULL, '/api/v1/state/211/'),
(212, 6, 'Kansas', NULL, '/api/v1/state/212/'),
(213, 6, 'Kentucky', NULL, '/api/v1/state/213/'),
(214, 6, 'Louisiana', NULL, '/api/v1/state/214/'),
(215, 6, 'Maine', NULL, '/api/v1/state/215/'),
(216, 6, 'Maryland', NULL, '/api/v1/state/216/'),
(217, 6, 'Massachusetts', NULL, '/api/v1/state/217/'),
(218, 6, 'Michigan', NULL, '/api/v1/state/218/'),
(219, 6, 'Minnesota', NULL, '/api/v1/state/219/'),
(220, 6, 'Mississippi', NULL, '/api/v1/state/220/'),
(221, 6, 'Missouri', NULL, '/api/v1/state/221/'),
(222, 6, 'Montana', NULL, '/api/v1/state/222/'),
(223, 6, 'Nebraska', NULL, '/api/v1/state/223/'),
(224, 6, 'Nevada', NULL, '/api/v1/state/224/'),
(225, 6, 'New Hampshire', NULL, '/api/v1/state/225/'),
(226, 6, 'New Jersey', NULL, '/api/v1/state/226/'),
(227, 6, 'New Mexico', NULL, '/api/v1/state/227/'),
(228, 6, 'New York', NULL, '/api/v1/state/228/'),
(229, 6, 'North Carolina', NULL, '/api/v1/state/229/'),
(230, 6, 'North Dakota', NULL, '/api/v1/state/230/'),
(231, 6, 'Ohio', NULL, '/api/v1/state/231/'),
(232, 6, 'Oklahoma', NULL, '/api/v1/state/232/'),
(233, 6, 'Oregon', NULL, '/api/v1/state/233/'),
(234, 6, 'Pennsylvania', NULL, '/api/v1/state/234/'),
(235, 6, 'Puerto Rico', NULL, '/api/v1/state/235/'),
(236, 6, 'Rhode Island', NULL, '/api/v1/state/236/'),
(237, 6, 'South Carolina', NULL, '/api/v1/state/237/'),
(238, 6, 'South Dakota', NULL, '/api/v1/state/238/'),
(239, 6, 'Tennessee', NULL, '/api/v1/state/239/'),
(240, 6, 'Texas', NULL, '/api/v1/state/240/'),
(241, 6, 'Utah', NULL, '/api/v1/state/241/'),
(242, 6, 'Vermont', NULL, '/api/v1/state/242/'),
(243, 6, 'Virginia', NULL, '/api/v1/state/243/'),
(244, 6, 'US Virgin Islands', NULL, '/api/v1/state/244/'),
(245, 6, 'Washington', NULL, '/api/v1/state/245/'),
(246, 6, 'West Virginia', NULL, '/api/v1/state/246/'),
(247, 6, 'Wisconsin', NULL, '/api/v1/state/247/'),
(248, 6, 'Wyoming', NULL, '/api/v1/state/248/'),
(249, 7, 'Asunción', NULL, '/api/v1/state/249/'),
(311, 7, 'Central', NULL, '/api/v1/state/311/'),
(312, 7, 'Cordillera', NULL, '/api/v1/state/312/'),
(314, 7, 'Alto Paraguay', NULL, '/api/v1/state/314/'),
(315, 7, 'Boquerón', NULL, '/api/v1/state/315/'),
(316, 7, 'Presidente Hayes', NULL, '/api/v1/state/316/'),
(317, 7, 'San Pedro', NULL, '/api/v1/state/317/'),
(318, 7, 'Concepción', NULL, '/api/v1/state/318/'),
(319, 7, 'Guairá', NULL, '/api/v1/state/319/'),
(320, 7, 'Caaguazú', NULL, '/api/v1/state/320/'),
(321, 7, 'Caazapá', NULL, '/api/v1/state/321/'),
(322, 7, 'Itapúa', NULL, '/api/v1/state/322/'),
(323, 7, 'Misiones', NULL, '/api/v1/state/323/'),
(324, 7, 'Paraguarí', NULL, '/api/v1/state/324/'),
(325, 7, 'Alto Paraná', NULL, '/api/v1/state/325/'),
(326, 7, 'Ñeembucú', NULL, '/api/v1/state/326/'),
(327, 7, 'Amambay', NULL, '/api/v1/state/327/'),
(328, 7, 'Canindeyú', NULL, '/api/v1/state/328/'),
(365, 7, 'Pilar ', NULL, '/api/v1/state/365/'),
(250, 8, 'Madrid', NULL, '/api/v1/state/250/'),
(310, 8, 'Barcelona', NULL, '/api/v1/state/310/'),
(329, 8, 'Barcelona ', NULL, '/api/v1/state/329/'),
(371, 8, 'Castilla y Leon', NULL, '/api/v1/state/371/'),
(401, 8, 'Málaga', NULL, '/api/v1/state/401/'),
(403, 8, 'Casares', NULL, '/api/v1/state/403/'),
(415, 8, 'Andalucía', NULL, '/api/v1/state/415/'),
(416, 8, 'Ibiza', NULL, '/api/v1/state/416/'),
(524, 8, 'Cantabria', NULL, '/api/v1/state/524/'),
(526, 8, 'Alicante', NULL, '/api/v1/state/526/'),
(527, 8, 'Valencia', NULL, '/api/v1/state/527/'),
(528, 8, 'Gerona', NULL, '/api/v1/state/528/'),
(529, 8, 'Tarragona', NULL, '/api/v1/state/529/'),
(530, 8, 'Castilla La Mancha', NULL, '/api/v1/state/530/'),
(251, 9, 'Santiago de Chile', NULL, '/api/v1/state/251/'),
(255, 9, 'Los Lagos', NULL, '/api/v1/state/255/'),
(313, 9, 'XI Región', NULL, '/api/v1/state/313/'),
(363, 9, 'Valparaiso', NULL, '/api/v1/state/363/'),
(364, 9, 'X Región ', NULL, '/api/v1/state/364/'),
(253, 10, 'Otro', NULL, '/api/v1/state/253/'),
(256, 11, 'Azuay', NULL, '/api/v1/state/256/'),
(257, 11, 'Bolívar', NULL, '/api/v1/state/257/'),
(258, 11, 'Carchi', NULL, '/api/v1/state/258/'),
(259, 11, 'Cañar', NULL, '/api/v1/state/259/'),
(260, 11, 'Chimborazo', NULL, '/api/v1/state/260/'),
(261, 11, 'Cotopaxi', NULL, '/api/v1/state/261/'),
(262, 11, 'El Oro', NULL, '/api/v1/state/262/'),
(263, 11, 'Esmeraldas', NULL, '/api/v1/state/263/'),
(264, 11, 'Galápagos', NULL, '/api/v1/state/264/'),
(265, 11, 'Guayas', NULL, '/api/v1/state/265/'),
(266, 11, 'Imbabura', NULL, '/api/v1/state/266/'),
(267, 11, 'Loja', NULL, '/api/v1/state/267/'),
(268, 11, 'Los Ríos', NULL, '/api/v1/state/268/'),
(269, 11, 'Manabí', NULL, '/api/v1/state/269/'),
(270, 11, 'Morona Santiago', NULL, '/api/v1/state/270/'),
(271, 11, 'Napo', NULL, '/api/v1/state/271/'),
(272, 11, 'Orellana', NULL, '/api/v1/state/272/'),
(273, 11, 'Pastaza', NULL, '/api/v1/state/273/'),
(274, 11, 'Guayaquil', NULL, '/api/v1/state/274/'),
(275, 11, 'Santa Elena', NULL, '/api/v1/state/275/'),
(276, 11, 'Santo Domingo de los Tsáchilas', NULL, '/api/v1/state/276/'),
(277, 11, 'Sucumbíos', NULL, '/api/v1/state/277/'),
(278, 11, 'Tungurahua', NULL, '/api/v1/state/278/'),
(279, 11, 'Zamora Chinchipe', NULL, '/api/v1/state/279/'),
(398, 11, 'Ecuador', NULL, '/api/v1/state/398/'),
(399, 11, 'Pichincha', NULL, '/api/v1/state/399/'),
(400, 11, 'Santo Domingo', NULL, '/api/v1/state/400/'),
(330, 12, 'Azua', NULL, '/api/v1/state/330/'),
(331, 12, 'Bahoruco', NULL, '/api/v1/state/331/'),
(332, 12, 'Barahona', NULL, '/api/v1/state/332/'),
(333, 12, 'Dajabón', NULL, '/api/v1/state/333/'),
(334, 12, 'Duarte', NULL, '/api/v1/state/334/'),
(335, 12, 'Elías Piña', NULL, '/api/v1/state/335/'),
(336, 12, 'El Seibo', NULL, '/api/v1/state/336/'),
(337, 12, 'Espaillat', NULL, '/api/v1/state/337/'),
(338, 12, 'Hato Mayor', NULL, '/api/v1/state/338/'),
(339, 12, 'Hermanas Mirabal', NULL, '/api/v1/state/339/'),
(340, 12, 'Independencia	', NULL, '/api/v1/state/340/'),
(341, 12, 'La Altagracia', NULL, '/api/v1/state/341/'),
(342, 12, 'La Romana', NULL, '/api/v1/state/342/'),
(343, 12, 'La Vega', NULL, '/api/v1/state/343/'),
(344, 12, 'María Trinidad Sánchez', NULL, '/api/v1/state/344/'),
(345, 12, 'Monseñor Nouel', NULL, '/api/v1/state/345/'),
(346, 12, 'Monte Cristi', NULL, '/api/v1/state/346/'),
(347, 12, 'Monte Plata', NULL, '/api/v1/state/347/'),
(348, 12, 'Pedernales', NULL, '/api/v1/state/348/'),
(349, 12, 'Peravia', NULL, '/api/v1/state/349/'),
(350, 12, 'Puerto Plata', NULL, '/api/v1/state/350/'),
(351, 12, 'Samaná', NULL, '/api/v1/state/351/'),
(352, 12, 'San Cristóbal', NULL, '/api/v1/state/352/'),
(353, 12, 'San José de Ocoa', NULL, '/api/v1/state/353/'),
(354, 12, 'San Juan', NULL, '/api/v1/state/354/'),
(355, 12, 'San Pedro de Macorís', NULL, '/api/v1/state/355/'),
(356, 12, 'Sánchez Ramírez', NULL, '/api/v1/state/356/'),
(357, 12, 'Santiago', NULL, '/api/v1/state/357/'),
(358, 12, 'Santiago Rodríguez', NULL, '/api/v1/state/358/'),
(359, 12, 'Santo Domingo', NULL, '/api/v1/state/359/'),
(360, 12, 'Valverde', NULL, '/api/v1/state/360/'),
(361, 12, 'Distrito Nacional', NULL, '/api/v1/state/361/'),
(366, 13, 'Colon', NULL, '/api/v1/state/366/'),
(367, 13, 'David', NULL, '/api/v1/state/367/'),
(370, 13, 'Ciudad de Panamá', NULL, '/api/v1/state/370/'),
(497, 13, 'Herrera', NULL, '/api/v1/state/497/'),
(405, 14, 'Aguascalientes', NULL, '/api/v1/state/405/'),
(406, 14, 'Baja California Norte', NULL, '/api/v1/state/406/'),
(407, 14, 'Baja California Sur', NULL, '/api/v1/state/407/'),
(408, 14, 'Campeche', NULL, '/api/v1/state/408/'),
(409, 14, 'Chiapas', NULL, '/api/v1/state/409/'),
(410, 14, 'Chihuahua', NULL, '/api/v1/state/410/'),
(412, 14, 'Ciudad de Mexico', NULL, '/api/v1/state/412/'),
(413, 14, 'Puebla', NULL, '/api/v1/state/413/'),
(420, 14, 'Coahuila', NULL, '/api/v1/state/420/'),
(421, 14, 'Colima', NULL, '/api/v1/state/421/'),
(423, 14, 'Durango', NULL, '/api/v1/state/423/'),
(424, 14, 'Edo. de México', NULL, '/api/v1/state/424/'),
(425, 14, 'Guanajuato', NULL, '/api/v1/state/425/'),
(426, 14, 'Guerrero', NULL, '/api/v1/state/426/'),
(427, 14, 'Hidalgo', NULL, '/api/v1/state/427/'),
(428, 14, 'Jalisco', NULL, '/api/v1/state/428/'),
(429, 14, 'Michoacán', NULL, '/api/v1/state/429/'),
(430, 14, 'Morelos', NULL, '/api/v1/state/430/'),
(431, 14, 'Nayarit', NULL, '/api/v1/state/431/'),
(432, 14, 'Nuevo León', NULL, '/api/v1/state/432/'),
(433, 14, 'Oaxaca', NULL, '/api/v1/state/433/'),
(434, 14, 'Querétaro', NULL, '/api/v1/state/434/'),
(435, 14, 'Quintana Roo', NULL, '/api/v1/state/435/'),
(436, 14, 'San luis Potosí', NULL, '/api/v1/state/436/'),
(437, 14, 'Sinaloa', NULL, '/api/v1/state/437/'),
(438, 14, 'Sonora', NULL, '/api/v1/state/438/'),
(439, 14, 'Tabasco', NULL, '/api/v1/state/439/'),
(440, 14, 'Tamaulipas', NULL, '/api/v1/state/440/'),
(441, 14, 'Tlaxcala', NULL, '/api/v1/state/441/'),
(442, 14, 'Veracruz', NULL, '/api/v1/state/442/'),
(443, 14, 'Yucatán', NULL, '/api/v1/state/443/'),
(444, 14, 'Zacatecas', NULL, '/api/v1/state/444/'),
(417, 15, 'Alajuela', NULL, '/api/v1/state/417/'),
(447, 15, 'Limón', NULL, '/api/v1/state/447/'),
(448, 15, 'Cartago', NULL, '/api/v1/state/448/'),
(449, 15, 'San José', NULL, '/api/v1/state/449/'),
(450, 15, 'Puntarenas', NULL, '/api/v1/state/450/'),
(451, 15, 'Heredia', NULL, '/api/v1/state/451/'),
(452, 15, 'Guanacaste', NULL, '/api/v1/state/452/'),
(446, 16, 'Tegucigalpa', NULL, '/api/v1/state/446/'),
(475, 16, 'Colón', NULL, '/api/v1/state/475/'),
(476, 16, 'Islas de la Bahía', NULL, '/api/v1/state/476/'),
(477, 16, 'Copán', NULL, '/api/v1/state/477/'),
(478, 16, 'Francisco Morazán', NULL, '/api/v1/state/478/'),
(479, 16, 'Gracias a Dios', NULL, '/api/v1/state/479/'),
(480, 16, 'Ocotepeque', NULL, '/api/v1/state/480/'),
(481, 16, 'Cortés', NULL, '/api/v1/state/481/'),
(482, 16, 'Valle', NULL, '/api/v1/state/482/'),
(483, 16, 'Santa Bárbara', NULL, '/api/v1/state/483/'),
(484, 16, 'Choluteca', NULL, '/api/v1/state/484/'),
(485, 16, 'El Paraíso', NULL, '/api/v1/state/485/'),
(486, 16, 'Yoro', NULL, '/api/v1/state/486/'),
(487, 16, 'Lempira', NULL, '/api/v1/state/487/'),
(488, 16, 'Comayagua', NULL, '/api/v1/state/488/'),
(489, 16, 'Intibucá', NULL, '/api/v1/state/489/'),
(490, 16, 'Olancho', NULL, '/api/v1/state/490/'),
(491, 16, 'La Paz', NULL, '/api/v1/state/491/'),
(492, 16, 'Atlántida', NULL, '/api/v1/state/492/'),
(453, 17, 'Santa Rosa', NULL, '/api/v1/state/453/'),
(454, 17, 'Quetzaltenango', NULL, '/api/v1/state/454/'),
(455, 17, 'Totonicapán', NULL, '/api/v1/state/455/'),
(456, 17, 'Alta Verapaz', NULL, '/api/v1/state/456/'),
(457, 17, 'Guatemala', NULL, '/api/v1/state/457/'),
(458, 17, 'Zacapa', NULL, '/api/v1/state/458/'),
(459, 17, 'Jalapa', NULL, '/api/v1/state/459/'),
(460, 17, 'Suchitepéquez', NULL, '/api/v1/state/460/'),
(461, 17, 'Sacatepéquez', NULL, '/api/v1/state/461/'),
(462, 17, 'El Progreso', NULL, '/api/v1/state/462/'),
(463, 17, 'Petén', NULL, '/api/v1/state/463/'),
(464, 17, 'Huehuetenango', NULL, '/api/v1/state/464/'),
(465, 17, 'Izabal', NULL, '/api/v1/state/465/'),
(466, 17, 'Jutiapa', NULL, '/api/v1/state/466/'),
(467, 17, 'Chimaltenango', NULL, '/api/v1/state/467/'),
(468, 17, 'Chiquimula', NULL, '/api/v1/state/468/'),
(469, 17, 'Retalhuleu', NULL, '/api/v1/state/469/'),
(470, 17, 'Quiché', NULL, '/api/v1/state/470/'),
(471, 17, 'Sololá', NULL, '/api/v1/state/471/'),
(472, 17, 'San Marcos', NULL, '/api/v1/state/472/'),
(473, 17, 'Baja Verapaz', NULL, '/api/v1/state/473/'),
(474, 17, 'Escuintla', NULL, '/api/v1/state/474/'),
(493, 18, 'Inglaterra', NULL, '/api/v1/state/493/'),
(494, 18, 'Escocia', NULL, '/api/v1/state/494/'),
(495, 18, 'Irlanda del Norte', NULL, '/api/v1/state/495/'),
(496, 18, 'Gales', NULL, '/api/v1/state/496/'),
(498, 19, 'Dubai', NULL, '/api/v1/state/498/'),
(499, 20, 'Amazonas', NULL, '/api/v1/state/499/'),
(500, 20, 'Anzoátegui', NULL, '/api/v1/state/500/'),
(501, 20, 'Apure', NULL, '/api/v1/state/501/'),
(502, 20, 'Aragua', NULL, '/api/v1/state/502/'),
(503, 20, 'Barinas', NULL, '/api/v1/state/503/'),
(504, 20, 'Bolívar', NULL, '/api/v1/state/504/'),
(505, 20, 'Carabobo', NULL, '/api/v1/state/505/'),
(506, 20, 'Cojedes', NULL, '/api/v1/state/506/'),
(507, 20, 'Delta Amacuro', NULL, '/api/v1/state/507/'),
(508, 20, 'Distrito Capital', NULL, '/api/v1/state/508/'),
(509, 20, 'Falcón', NULL, '/api/v1/state/509/'),
(510, 20, 'Guárico', NULL, '/api/v1/state/510/'),
(511, 20, 'Lara', NULL, '/api/v1/state/511/'),
(512, 20, 'Mérida', NULL, '/api/v1/state/512/'),
(513, 20, 'Miranda', NULL, '/api/v1/state/513/'),
(514, 20, 'Monagas', NULL, '/api/v1/state/514/'),
(515, 20, 'Nueva Esparta', NULL, '/api/v1/state/515/'),
(516, 20, 'Portuguesa', NULL, '/api/v1/state/516/'),
(517, 20, 'Sucre', NULL, '/api/v1/state/517/'),
(518, 20, 'Táchira', NULL, '/api/v1/state/518/'),
(519, 20, 'Trujillo', NULL, '/api/v1/state/519/'),
(520, 20, 'Vargas', NULL, '/api/v1/state/520/'),
(521, 20, 'Yaracuy', NULL, '/api/v1/state/521/'),
(522, 20, 'Zulia', NULL, '/api/v1/state/522/'),
(523, 20, 'Dependencias Federales', NULL, '/api/v1/state/523/')
ON CONFLICT (id) DO UPDATE SET country_id = EXCLUDED.country_id, name = EXCLUDED.name, sap_code = EXCLUDED.sap_code, resource_uri = EXCLUDED.resource_uri;

-- Property Types
INSERT INTO tokko_property_type (id, code, name) VALUES
(1, 'LA', 'Terreno'),
(2, 'AP', 'Departamento'),
(3, 'HO', 'Casa'),
(4, 'WE', 'Quinta'),
(5, 'OF', 'Oficina'),
(6, 'AM', 'Amarra'),
(7, 'LO', 'Local'),
(8, 'CO', 'Edificio Comercial'),
(9, 'CS', 'Campo'),
(10, 'GA', 'Cochera'),
(11, 'HL', 'Hotel'),
(12, 'IS', 'Nave Industrial'),
(13, 'PH', 'PH'),
(14, 'ST', 'Depósito'),
(15, 'FC', 'Fondo de Comercio'),
(16, 'SR', 'Baulera'),
(17, 'WI', 'Bodega'),
(18, 'FA', 'Finca'),
(19, 'CH', 'Chacra'),
(20, 'CN', 'Cama náutica'),
(21, 'IS', 'Isla'),
(23, 'TE', 'Terraza'),
(24, 'GL', 'Galpón'),
(25, 'VL', 'Villa'),
(26, 'CL', 'Terreno comercial'),
(27, 'IL', 'Terreno industrial'),
(28, 'ES', 'Hacienda'),
(29, 'SF', 'Haras'),
(30, 'CR', 'Consultorio'),
(31, 'SK', 'Monoambiente')
ON CONFLICT (id) DO UPDATE SET code = EXCLUDED.code, name = EXCLUDED.name;

-- Property Tags
INSERT INTO tokko_property_tag (id, name, type) VALUES
(1, 'Agua Corriente', 1),
(2, 'Cloaca', 1),
(3, 'Gas Natural', 1),
(4, 'Internet', 1),
(5, 'Electricidad', 1),
(6, 'Pavimento', 1),
(7, 'Teléfono', 1),
(8, 'Cable', 1),
(9, 'Altillo', 2),
(10, 'Balcón', 2),
(11, 'Baulera', 2),
(12, 'Cocina', 2),
(14, 'Comedor diario', 2),
(15, 'Dependencia', 2),
(17, 'Oficina', 2),
(18, 'Hall', 2),
(19, 'Jardín', 2),
(20, 'Lavadero', 2),
(22, 'Living comedor', 2),
(23, 'Patio', 2),
(24, 'Sótano', 2),
(25, 'Terraza', 2),
(26, 'Toilette', 2),
(27, 'Vestidor', 2),
(28, 'Aire Acondicionado individual', 3),
(29, 'Alarma', 3),
(30, 'Amoblado', 3),
(31, 'Calefacción', 3),
(32, 'Centro de deportes', 3),
(33, 'Gimnasio', 3),
(34, 'Hidromasaje', 3),
(35, 'Parrilla', 3),
(36, 'Quincho', 3),
(38, 'Sala de juegos', 3),
(39, 'Sauna', 3),
(40, 'Solarium', 3),
(41, 'SUM', 3),
(42, 'Seguridad', 3),
(43, 'Al lago', 3),
(44, 'Al rio', 3),
(45, 'Al bosque', 3),
(46, 'Apto mascotas', 3),
(47, 'Apto profesional', 3),
(48, 'Lote Interno', 3),
(49, 'Ruta', 3),
(50, 'Perimetral', 3),
(51, 'Pileta', 3),
(52, 'Riego automático', 3),
(53, 'Vista al golf', 3),
(81, 'Acceso a la playa', 3),
(86, 'Carpintería de aluminio', 3),
(87, 'Cocina Americana', 2),
(101, 'Calefacción central', 3),
(106, 'Pileta Comunitaria', 3),
(114, 'Terraza Cubierta', 2),
(123, 'Doble Acristalamiento', 3),
(132, 'Detector de Incendios', 3),
(136, 'Suelo Radiante', 3),
(147, 'Caldera', 3),
(149, 'Generador', 3),
(151, 'Apartamento de Invitados', 2),
(163, 'Escritorio', 2),
(164, 'Pileta Cubierta', 2),
(168, 'Biblioteca', 2),
(180, 'Estilo Moderno', 3),
(181, 'Vista a la montaña', 3),
(188, 'Una Planta', 3),
(190, 'Cancha de Paddle', 3),
(192, 'Despensa', 2),
(203, 'Preinstalación de aire acondicionado', 3),
(204, 'Preinstalación de Calefacción', 3),
(209, 'Seguridad Privada', 3),
(220, 'Estilo Rústico', 3),
(232, 'Placa Solar de Agua', 3),
(259, 'Video Cámaras', 3),
(263, 'Depósito de Agua', 3),
(267, 'Bodega', 3),
(270, 'Carpintería', 3),
(471, 'Entrada automática', 3),
(475, 'Apartamento Independiente', 2),
(494, 'Con proyecto de construccion', 3),
(495, 'Parquet', 3),
(931, 'Potencial alto para alquilar', 9),
(946, 'Ubicación tranquila', 3),
(948, 'Guarda de seguridad', 3),
(959, 'Corta distancia a pie centro', 3),
(965, 'Atico', 3),
(997, 'Ubicación residencial', 3),
(1002, 'Circuito Cerrado TV', 3),
(1005, 'Helipuerto', 3),
(1008, 'Sistema instalado de música', 3),
(1014, 'Frigorífico', 3),
(1021, 'Armarios Empotrados', 3),
(1030, 'Cochera subterránea', 3),
(1040, 'Caja Fuerte', 3),
(1044, 'Construcción reciente', 9),
(1064, 'Mosquitera', 3),
(1065, 'Persianas', 3),
(1082, 'Termo de gas', 3),
(1084, 'Rejas de seguridad', 3),
(1087, 'Agua sin conectar', 3),
(1088, 'Electricidad sin conectar', 3),
(1092, 'Toldos', 3),
(1093, 'Necesita algunas reformas', 3),
(1108, 'Puerta blindada', 3),
(1117, 'Gas Butano', 3),
(1145, 'Pozo negro', 1),
(1176, 'Fuente natural', 3),
(1224, 'Termo eléctrico', 3),
(1230, 'Toma de gas ciudad', 3),
(1233, 'Posibilidad instalar ascensor', 3),
(1248, 'En construcción', 3),
(1255, 'Ventanas de aluminio', 3),
(1257, 'Ventanas doble acristalamiento', 3),
(1259, 'Ventanas de madera', 3),
(1268, 'Descalcificadora', 3),
(1291, 'Zona de parrillas', 3),
(1296, 'Amarras', 3),
(1297, 'Ascensor de servicio', 3),
(1299, 'Puente grúa', 3),
(1300, 'Restaurante', 3),
(1301, 'Vivienda Portero', 3),
(1314, 'Puerta de garaje automática', 3),
(1319, 'Pisos de concreto', 3),
(1322, 'Portones eléctricos', 3),
(1326, 'Calle de grava', 3),
(1327, 'Techos altos', 3),
(1328, 'Entreplanta', 3),
(1329, 'Extractor de humo', 3),
(1330, 'Aislamiento acústico', 3),
(1341, 'Plancha Industrial', 3),
(1348, 'Cortinas', 3),
(1360, 'Horno de pizza', 3),
(1369, 'Horno de pan', 3),
(1374, 'Edificio de Perímetro Libre', 3),
(1390, 'Luminoso', 3),
(1418, 'Acceso doble', 3),
(1443, 'Agua Potable', 1),
(1449, 'Parcela en esquina', 3),
(1451, 'Terreno apto para cultivo', 3),
(1456, 'Laguna interior', 3),
(1458, 'Terreno subdivisible', 9),
(1460, 'Zona apta para turismo', 3),
(1461, 'Frente a carretera', 3),
(1475, 'Comedor para personal', 3),
(1477, 'Gas Envasado', 1),
(1478, 'Gas Industrial', 1),
(1484, 'Portón Levadizo', 3),
(1485, 'Techo de Cabriada', 3),
(1486, 'Techo de Chapa', 3),
(1487, 'Techo de Fibrocemento', 3),
(1488, 'Techo de Hormigón', 3),
(1489, 'Techo Parabólico', 3),
(1490, 'Vestuarios Femeninos', 2),
(1491, 'Vestuarios Masculinos', 2),
(1493, 'Fuerza motriz', 3),
(1494, 'Montacargas', 3),
(1495, 'Playa de maniobras', 3),
(1499, 'Energia trifasica', 1),
(1500, 'Techo a dos aguas', 3),
(1501, 'Amarra', 3),
(1503, 'Chimenea', 3),
(1504, 'Baño de servicio', 2),
(1505, 'Laundry', 3),
(1506, 'Agua Caliente Central', 3),
(1507, 'Wifi', 1),
(1508, 'Área recreativa', 3),
(1509, 'Juegos para niños', 3),
(1510, 'Área de relax', 3),
(1511, 'Espacio para lectura', 3),
(1512, 'Calefacción individual', 3),
(1513, 'Calefacción por aire', 3),
(1514, 'Calefacción por radiadores', 3),
(1515, 'Vista al polo', 3),
(1516, 'Galería', 2),
(1517, 'Deck', 3),
(1519, 'Seguridad nocturna', 3),
(1520, 'Club House', 3),
(1521, 'Polo', 3),
(1522, 'Equitación', 3),
(1523, 'Palier', 2),
(1524, 'Seguridad 24hs', 3),
(1525, 'Seguridad de día', 3),
(1526, 'Seguridad portería', 3),
(1527, 'Cochera opcional', 3),
(1529, 'Venta Directa', 9),
(1530, 'Calefón', 3),
(1531, 'Calefacción por gas', 3),
(1533, 'aire acondicionado central', 3),
(1534, 'Pileta climatizada', 3),
(1536, 'Estacionamiento tarifado', 3),
(1537, 'Caldera central', 3),
(1538, 'Caldera individual', 3),
(1539, 'Calefacción individual por debajo del suelo', 3),
(1540, 'Losa radiante general', 1),
(1541, 'Picos de gas', 3),
(1542, 'Estufas TB', 3),
(1544, 'Cochera fija', 3),
(1547, 'Ascensor', 3),
(1548, 'Ropa blanca', 3),
(1549, 'Palier privado', 3),
(1550, 'Entrada de servicio', 3),
(1551, 'Semi piso', 3),
(1552, 'Ducha escocesa', 3),
(1553, 'Cochera de cortesía', 3),
(1555, 'Balcón terraza', 2),
(1556, 'Cerramientos de PVC', 3),
(1557, 'Microcine', 3),
(1558, 'Sala de juegos', 2),
(1559, 'Agua caliente individual', 3),
(1560, 'Costa de Río', 3),
(1561, 'Costa de Lago', 3),
(1562, 'Bosques', 3),
(1563, 'Campo Cordillera', 3),
(1564, 'Campo Meseta', 3),
(1565, 'Campo Costa Atlántica', 3),
(1566, 'Campo productivo', 3),
(1567, 'Campo vacacional', 3),
(1568, 'Cordillera', 3),
(1569, 'Costa Altlántica', 3),
(1570, 'Meseta', 3),
(1571, 'Arroyo interior', 3),
(1572, 'Apto ganadería', 3),
(1573, 'Alumbrado público', 1),
(1574, 'Biodigestor', 1),
(1575, 'TV por Satélite', 1),
(1576, 'Celular', 1),
(1577, 'Vista al valle', 3),
(1579, 'Arroyo lindero', 3),
(1580, 'Arboleda autóctona', 3),
(1582, 'Accesibilidad C/ Movilidad Reducida', 3),
(1583, 'Termotanque Individual', 3),
(1584, 'Planos conforme a Obra', 9),
(1585, 'Vista al río', 3),
(1586, 'Red de desagües pluviales', 1),
(1587, 'Instalación eléctrica subterránea.', 1),
(1588, 'Control de acceso', 3),
(1589, 'Edificio de mantenimiento', 3),
(1590, 'Edificio de oficinas administrativas', 3),
(1591, 'Área de servicio', 3),
(1592, 'Bicisenda', 3),
(1593, 'Bascula', 3),
(1594, 'Zonas Verdes', 3),
(1595, 'Boulevard principal', 3),
(1596, 'Barrera forestal', 3),
(1598, 'Cordón cuneta', 3),
(1599, 'Escritura inmediata', 9),
(1600, 'Grúa', 3),
(1601, 'Cancha de Rugby', 3),
(1602, 'SPA', 3),
(1603, 'Apto comercial', 3),
(1604, 'Campo de golf', 3),
(1605, 'Cancha de Hockey', 3),
(1606, 'Cancha de Básquet', 3),
(1607, 'Bomba', 3),
(1608, 'Centro de Cabalgata', 3),
(1609, 'Colegio', 3),
(1610, 'Cancha de Golf', 3),
(1611, 'Cancha de Fútbol', 3),
(1612, 'Servicio de mucama', 3),
(1613, 'Cancha de Tenis', 3),
(1614, 'Portón Corredizo', 3),
(1615, 'Techo de losa', 3),
(1616, 'Techo de Galvanizado', 3),
(1617, 'Techo Astori', 3),
(1618, 'Techo de bovedilla', 3),
(1619, 'Techo premoldeado', 3),
(1620, 'Techo tinglado', 3),
(1621, 'Techo a 3 aguas', 3),
(1622, 'Techo de zinc', 3),
(1623, 'Techo de Pizarra', 3),
(1624, 'Techo de teja', 3),
(1625, 'Vista al mar', 3),
(1626, 'Baulera individual', 3),
(1627, 'Baulera general', 3),
(1628, 'Encargado', 1),
(1629, 'Cadete', 1),
(1630, 'Garagistas', 1),
(1631, 'Servicio de playa', 1),
(1632, 'Servicio de Mantenimiento', 1),
(1633, 'TV Cable en el edificio', 1),
(1635, 'Recepción 24 Horas', 3),
(1636, 'Parrilla individual en departamento', 3),
(1637, 'Patio de juegos', 3),
(1654, 'Lavarropas', 3),
(1655, 'Estufa a leña', 3),
(1656, 'Edificio/Zona', 3),
(1657, 'Parrilla techada', 3),
(1658, 'Dependencia con baño', 2),
(1659, 'Cerramiento perimetral', 3),
(1660, 'Microondas', 3),
(1661, 'Freezer', 3),
(1662, 'Heladera', 3),
(1663, 'Lavavajillas', 3),
(1664, 'Estacionamiento gratuito', 3),
(1665, 'Secadora', 3),
(1666, 'Galpón', 2),
(1667, 'Perimeter alarm', 3),
(1668, 'Jardinero', 3),
(1669, 'Piletero', 1),
(1670, 'Passenger boat', 1),
(1671, 'Cancha de Volley', 3),
(1673, 'Cancha de Bochas', 3),
(1674, 'Cancha de Polo', 3),
(1675, 'Se emite factura', 9),
(1677, 'Cancha de Paddle', 3),
(1678, 'Espacio para estacionar', 3),
(1679, 'Rindex de Soja/hrea', 3),
(1680, 'Piso', 3),
(1681, 'Refrigeración Fancoil', 3),
(1682, 'Refrigeración split', 3),
(1683, 'Refrigeración Volumen Variable', 3),
(1684, 'Refrigeración central F/C', 3),
(1685, 'Refrigeración VRV', 3),
(1686, 'Refrigeración central propia', 3),
(1687, 'Refrigeración sectorizada', 3),
(1688, 'Refrigeración individual', 3),
(1689, 'Refrigeración individual F/C', 3),
(1690, 'Refrigeracion No Posee', 3),
(1691, 'Aire acondicionado individual', 3),
(1692, 'Calefacción por losa radiante', 3),
(1693, 'Calefacción por Fancoil', 3),
(1694, 'Calefaccion No Posee', 3),
(1695, 'calefacción por aire', 3),
(1696, 'Calefacción VRV', 3),
(1697, 'Calefacción tiro balanceado', 3),
(1698, 'Calefacción F/C', 3),
(1699, 'Calefacción sectorizada', 3),
(1700, 'Segmentable', 3),
(1701, 'Centro de negocios', 3),
(1702, 'Escaleras de emergencia', 3),
(1704, 'Detector de metales', 3),
(1705, 'Tarjetas magnéticas', 3),
(1706, 'Seguridad digital', 3),
(1707, 'Local', 3),
(1710, 'Techos altos', 3),
(1713, 'Sistema de cableado', 3),
(1714, 'Grupo electrógeno', 3),
(1725, 'Tratamiento de efluentes', 3),
(1730, 'Casco', 3),
(1731, 'Casa de huéspedes', 3),
(1732, 'Casa del personal', 3),
(1733, 'Galpón de herramientas', 3),
(1734, 'Sobre ripio', 3),
(1735, 'En asfalto', 3),
(1736, 'Engorde', 3),
(1737, 'Tambo', 3),
(1738, 'Tanque Australiano', 3),
(1739, 'Apicutura', 3),
(1740, 'Aves de corral', 3),
(1741, 'Corrales', 3),
(1742, 'Horticultura', 3),
(1743, 'Fruticultura', 3),
(1744, 'Planta silos', 3),
(1745, 'Puesto', 3),
(1746, 'Manga', 3),
(1747, 'Pista de aterrizaje', 3),
(1748, 'Teléfono rural', 3),
(1749, 'Señal celular', 3),
(1755, 'Molino', 3),
(1756, 'Potreros', 3),
(1757, 'Aguadas', 3),
(1760, 'Bar', 3),
(1762, 'Pileta descubierta', 3),
(1763, 'Central telefónica', 3),
(1764, 'Lavandería', 3),
(1765, 'Cocina propia', 3),
(1766, 'Planta de tratamiento de efluentes', 3),
(1767, 'Salón para niños', 3),
(1769, 'Categoría', 3),
(1771, 'Cerco', 3),
(1772, 'Nivelación', 3),
(1784, 'Obras Sanitarias', 3),
(1785, 'Family', 3),
(1788, 'Amenities', 3),
(1790, 'Línea blanca', 3),
(1792, 'Entrada vehicular', 3),
(1793, 'Sala de reuniones', 2),
(1795, 'Al estero', 3),
(1796, 'Apto gastronómico', 3),
(1798, 'Exclusividad', 3),
(1799, 'Barrio privado', 3),
(1800, 'Cowork', 3),
(1801, 'Cisterna', 3),
(1802, 'Roof garden', 3),
(1803, 'for auction', 0),
(1804, 'Security totem', 3),
(1805, 'Sol de la tarde', 3),
(1806, 'Anexo', 3),
(1807, 'Pozo artesiano', 3),
(1808, 'Automatizado', 3),
(1809, 'Listo para domótica', 3),
(1810, 'Baño auxiliar', 2),
(1811, 'Parrilla de balcón', 3),
(1812, 'Granero', 3),
(1813, 'Muebles de baño', 3),
(1814, 'Bañera', 3),
(1815, 'Muebles de dormitorio', 3),
(1816, 'Bicicletero', 3),
(1817, 'Garaje para lancha', 3),
(1818, 'Alfombra', 3),
(1819, 'Ventilador de techo', 3),
(1820, 'Piso cerámico', 3),
(1821, 'Vista a la ciudad', 3),
(1822, 'Interiores de placard', 3),
(1823, 'Tendedero', 3),
(1824, 'Piso frío', 3),
(1825, 'Terraza compartida', 3),
(1826, 'Anafe', 3),
(1827, 'Muebles a medida', 3),
(1828, 'Decorado', 3),
(1829, 'Persianas eléctricas', 3),
(1830, 'Cerca eléctrica', 3),
(1831, 'Portón eléctrico', 3),
(1832, 'Ducha eléctrica', 3),
(1833, 'Cerradura electrónica', 3),
(1834, 'Permuta', 9),
(1835, 'Frente al club', 3),
(1836, 'Frente al parque', 3),
(1837, 'Sala familiar', 3),
(1838, 'Cercado', 3),
(1839, 'Financiado', 9),
(1840, 'Cocina equipada', 2),
(1841, 'Balcón al frente', 3),
(1842, 'Salón gourmet', 3),
(1843, 'Área recreativa planta baja', 3),
(1844, 'Baranda', 3),
(1845, 'Piso de madera', 3),
(1846, 'Red de alta tensión', 3),
(1847, 'Cocina independiente', 2),
(1848, 'Medidor de agua individual', 3),
(1849, 'Portero eléctrico', 3),
(1850, 'Encargado', 3),
(1851, 'Pileta infantil', 3),
(1852, 'Bajo mesada y alacena', 3),
(1853, 'A la laguna', 3),
(1854, 'Piso flotante', 3),
(1855, 'Artefactos de iluminación', 3),
(1856, 'Muebles de living', 3),
(1857, 'Piso de mármol', 3),
(1858, 'Marina', 3),
(1859, 'Dormitorio principal', 2),
(1860, 'Sol de la mañana', 3),
(1861, 'Vista a la sierra', 3),
(1862, 'Luz natural', 3),
(1863, 'Cerca del subte', 3),
(1864, 'Junto a la pared', 3),
(1865, 'Ofuro', 3),
(1866, 'Horno', 3),
(1867, 'Vista panorámica', 3),
(1868, 'SUM', 3),
(1869, 'Pastura', 3),
(1870, 'Piso de porcelanato', 3),
(1871, 'Baulera privada en subsuelo', 3),
(1872, 'Pileta privada', 3),
(1873, 'Sauna privado', 3),
(1874, 'Calle tranquila', 3),
(1875, 'Piso técnico', 3),
(1876, 'Rampas', 3),
(1877, 'Contrafrente', 3),
(1878, 'Biombo', 3),
(1879, 'Garita de seguridad', 3),
(1880, 'Red de seguridad', 3),
(1881, 'Semiamueblado', 3),
(1882, 'Muebles de lavadero', 3),
(1883, 'Mampara', 3),
(1884, 'Balcón lateral', 3),
(1885, 'Calefacción solar', 3),
(1886, 'Cancha deportiva', 3),
(1887, 'Cancha de Squash', 3),
(1888, 'Establo', 3),
(1889, 'Contrapiso', 3),
(1890, 'Baldosa podotáctil', 3),
(1891, 'Transformador', 3),
(1892, 'Entrada para camiones', 3),
(1893, 'Vista despejada', 3),
(1894, 'Piso vinílico', 3),
(1895, 'Estacionamiento de visitas', 3),
(1896, 'Entrada de visitas', 3),
(1897, 'Estructura de pared', 3),
(1898, 'Placard', 3),
(1899, 'Cascada', 3),
(1900, 'Floating floor', 3),
(1901, 'Monoambiente', 1),
(1902, 'Ático con baño', 1),
(1903, 'Ático con chimenea', 1),
(1904, 'Baño grande', 1),
(1905, 'Baño boudoir', 1),
(1906, 'Baño con ducha de vidrio', 1),
(1907, 'Baño con doble ducha', 1),
(1908, 'Baño con jacuzzi', 1),
(1909, 'Baño con sauna', 1),
(1910, 'Sala de guardería', 1),
(1911, 'Sala de juguetes', 1),
(1912, 'Sala de naipes', 1),
(1913, 'Casa de muñecas', 1),
(1914, 'Casa del árbol', 1),
(1915, 'Casa trasera', 1),
(1916, 'Cabaña', 1),
(1917, 'Cocina grande', 1),
(1918, 'Cocina compartida', 1),
(1919, 'Cocina con isla', 1),
(1920, 'Cocina con lavadero integrado', 1),
(1921, 'Cocina con pasa-platos', 1),
(1922, 'Cocina con cafetería', 1),
(1923, 'Cocina concepto abierto', 1),
(1924, 'Cocina integrada', 1),
(1925, 'Cocina equipada', 1),
(1926, 'Cocina gourmet', 1),
(1927, 'Cocina independiente', 1),
(1928, 'Cocina industrial', 1),
(1929, 'Cocina a medida', 1),
(1930, 'Dormitorio de huéspedes', 1),
(1931, 'Pequeño anexo', 1),
(1932, 'Anexo con parrilla', 1),
(1933, 'Área de café', 1),
(1934, 'Espacio cultural', 1),
(1935, 'Área social', 1),
(1936, 'Área de descanso', 1),
(1937, 'Área juvenil', 1),
(1938, 'Área infantil', 1),
(1939, 'Área adolescente', 1),
(1940, 'Área de arte y manualidades', 1),
(1941, 'Área de pub', 1),
(1942, 'Espacio zen', 1),
(1943, 'Estudio de música', 1),
(1944, 'Estudio de pilates', 1),
(1945, 'Centro de juegos', 1),
(1946, 'Entre piso con oficina', 1),
(1947, 'Centro de oficinas', 1),
(1948, 'Taller', 1),
(1949, 'Observatorio', 1),
(1950, 'Sala de belleza', 1),
(1951, 'Salón de masaje', 1),
(1952, 'Sala de póker', 1),
(1953, 'Sala de pool', 1),
(1954, 'Sala de video', 1),
(1955, 'Salón de eventos', 1),
(1956, 'Sala de recepción', 1),
(1957, 'Salón(es) de convenciones', 1),
(1958, 'SUM con parrilla', 1),
(1959, 'SUM privado', 1),
(1960, 'Sala de juegos con parrilla', 1),
(1961, 'Lounge deportivo', 1),
(1962, 'Taberna', 1),
(1964, 'Aire acondicionado', 2),
(1965, 'Climatizado', 2),
(1966, 'Suministro de agua compartido', 2),
(1967, 'Administración de Airbnb', 3),
(1968, 'Bicicletas compartidas', 2),
(1969, 'Sistema de bicicletas compartidas', 2),
(1970, 'Biometría', 2),
(1971, 'Captación de energía solar', 2),
(1972, 'Cargador para vehículo eléctrico', 2),
(1973, 'Garaje automatizado', 2),
(1974, 'Sector de lavado de autos', 2),
(1975, 'Ascensor por huella digital', 2),
(1976, 'Ascensor panorámico', 2),
(1977, 'Ascensor vehicular', 2),
(1978, 'Ascensor privado', 2),
(1979, 'Ascensor adaptado', 2),
(1980, 'Conserjería de 7 a 23 hs', 2),
(1981, 'Conserjería remota', 2),
(1982, 'Conserjería virtual', 2),
(1983, 'Portero eléctrico', 2),
(1984, 'Seguridad monitorizada', 2),
(1985, 'Seguridad vehicular', 2),
(1986, 'Sistema de cámaras', 2),
(1987, 'Sistema de Seguridad', 2),
(1988, 'Sistema de prevención de incendios', 2),
(1989, 'Sistema de monitoreo', 2),
(1990, 'Sistema de calefacción', 2),
(1991, 'Sistema de calefacción solar', 2),
(1992, 'Sistema de generación de energía fotovoltaica', 2),
(1993, 'Sistema de riego', 2),
(1994, 'Sistema de riego de jardín', 2),
(1995, 'Sistema de captación de aguas', 2),
(1996, 'Sistema de recolección de aguas', 2),
(1997, 'Sistema de sonido', 2),
(1998, 'Sonido ambiental en áreas comunes', 2),
(1999, 'Servicios pay-per-use', 2),
(2000, 'Room service', 2),
(2001, 'Monopatines eléctricos compartidos', 2),
(2002, 'Café internet', 2),
(2003, 'Minimercado', 2),
(2004, 'Máquinas expendedoras', 2),
(2006, 'Terminación en mármol', 3),
(2007, 'Cocina de porcelana con mesada de granito', 3),
(2008, 'Bacha de mármol', 3),
(2009, 'Bacha de vidrio', 3),
(2010, 'Techo de madera', 3),
(2011, 'Techo de durlock', 3),
(2012, 'Techo de yeso', 3),
(2013, 'Techo de PVC', 3),
(2014, 'Cielorraso suspendido', 3),
(2015, 'Piso de granito', 3),
(2016, 'Piso de mármol', 3),
(2017, 'Suelo de parquet', 3),
(2018, 'Piso vinílico', 3),
(2019, 'Piso de madera flotante', 3),
(2020, 'Piso de cemento alisado', 3),
(2021, 'Piso cerámico', 3),
(2022, 'Piso de pizarra', 3),
(2023, 'Artefactos de alta gama', 3),
(2024, 'Muebles de diseño', 3),
(2025, 'Cortinas automatizadas', 3),
(2026, 'Cortinas blackout', 3),
(2027, 'Persianas integradas', 3),
(2028, 'Vidrio termoacústico', 3),
(2029, 'Ventanas con reducción de ruido', 3),
(2030, 'Vista permanente', 3),
(2031, 'Orientación norte', 3),
(2032, 'Esquina', 3),
(2033, 'Triplex', 3),
(2034, 'Plano flexible', 3),
(2035, 'Puerta blindada', 3),
(2036, 'Puerta pivote', 3),
(2037, 'Puerta maciza', 3),
(2038, 'Puertas resistentes a impactos', 3),
(2039, 'Zócalo de madera', 3),
(2040, 'Zócalo de porcelanato', 3),
(2041, 'Zócalo laqueado', 3),
(2044, 'Acceso pavimentado', 3),
(2045, 'Acceso por teclado', 3),
(2046, 'Tag de acceso', 3),
(2047, 'Acceso peatonal', 3),
(2048, 'Acceso exclusivo para mascotas', 3),
(2049, 'Acceso exclusivo a la playa', 3),
(2050, 'Vertedero', 3),
(2051, 'Ambientes equipados y decorados', 1),
(2052, 'Garage con amortiguadores de impacto', 3),
(2053, 'Antesala', 1),
(2054, 'Antena compartida', 2),
(2055, 'A prueba de polvo', 3),
(2056, 'Calefón central sin tanque', 3),
(2057, 'Calefón sin tanque', 3),
(2058, 'Calefacción eléctrica y a gas', 2),
(2059, 'Boxes para caballos', 3),
(2060, 'Baños para hombres y mujeres', 1),
(2061, 'Blackout de ventana', 3),
(2062, 'Pista de bowling', 2),
(2063, 'Locker de playa', 3),
(2064, 'Baño de hombres', 1),
(2065, 'Baño de mujeres', 1),
(2066, 'Baño compartido', 1),
(2067, 'Vereda', 3),
(2068, 'Vereda de adoquines', 3),
(2069, 'Cámara frigorífica', 3),
(2070, 'Cancha de césped sintético', 2),
(2071, 'Cancha de fútbol infantil', 2),
(2072, 'Cancha de fútbol de arena', 2),
(2073, 'Cancha de Bochas', 2),
(2074, 'Canil', 3),
(2075, 'Alfombra', 3),
(2076, 'Molinetes de identificación', 3),
(2077, 'Cerca de vidrio', 3),
(2078, 'Área cercada', 1),
(2079, 'Fuente', 3),
(2080, 'Guardería', 3),
(2081, 'Parrilla a carbón', 3),
(2082, 'Parrilla integrada a cocina', 1),
(2083, 'Áreas de parrilla compartidas', 1),
(2084, 'Ducha de playa', 3),
(2085, 'Bicisenda del condominio', 3),
(2086, 'Sendero peatonal', 3),
(2087, 'Área de entrenamiento funcional', 1),
(2088, 'Tragaluz', 3),
(2089, 'Vestidor de hombres', 1),
(2090, 'Vestidores de hombres y mujeres', 1),
(2091, 'Vestidor de mujeres', 1),
(2092, 'Techo de vidrio retráctil', 3),
(2093, 'Recolección selectiva de residuos', 3),
(2094, 'Barrio cerrado', 3),
(2095, 'Despensa con muebles', 3),
(2096, 'Pasillo con placard', 1),
(2097, 'Pasillo lateral', 3),
(2098, 'Baranda de acero inoxidable', 3),
(2099, 'Espacio de coworking', 3),
(2100, 'Cocina con cerámicos', 1),
(2101, 'Suite Jack y Jill', 1),
(2102, 'Baulera privada en cochera', 3),
(2103, 'Ducha bidet', 3),
(2104, 'Cámara de acceso para vehículos', 3),
(2105, 'Cámara de acceso social', 3),
(2106, 'Electrodomésticos', 3),
(2107, 'Ascensor con recuperación de energía', 2),
(2108, 'Entrada a nivel', 3),
(2109, 'Entrada lateral', 3),
(2110, 'Entrada lateral independiente', 3),
(2111, 'Entrada de visitas', 3),
(2112, 'Entrada para bañistas', 3),
(2113, 'Entrada principal', 3),
(2114, 'Entrada principal y de servicio', 2),
(2115, 'Equipo de calefacción', 2),
(2116, 'Escaleras de granito', 3),
(2117, 'Escaleras de madera', 3),
(2118, 'Escaleras de mármol', 3),
(2119, 'Escalera', 3),
(2120, 'Sector náutico', 1),
(2121, 'Sector de mate', 1),
(2122, 'Área de entregas', 1),
(2123, 'Área funcional', 1),
(2124, 'Área de mujeres', 1),
(2125, 'Área de hamacas', 1),
(2126, 'Área para adultos mayores', 1),
(2127, 'Espacio web', 3),
(2128, 'Espejo de agua', 2),
(2129, 'Marcos automatizados', 3),
(2130, 'Marcos de madera', 3),
(2131, 'Marcos de PVC', 3),
(2132, 'Valet parking', 2),
(2133, 'Estacionamiento de vehículos', 2),
(2134, 'Estacionamiento rotativo', 2),
(2135, 'Estación de servicio', 2),
(2136, 'Living con pérgola', 1),
(2137, 'Estructura de club completa', 3),
(2138, 'Invernadero', 3),
(2139, 'Cerradura biométrica', 3),
(2140, 'Cerradura digital', 3),
(2141, 'Cocina', 3),
(2142, 'Horno a leña', 3),
(2143, 'Cambiador', 3),
(2144, 'Galería pluvial', 1),
(2145, 'Galería de arte', 1),
(2146, 'Gallinero', 3),
(2147, 'Garaje pintado con epoxi', 3),
(2148, 'Jardín con parrilla', 3),
(2149, 'Gas por cañería', 2),
(2150, 'Gas central', 2),
(2151, 'Gazebo', 3),
(2152, 'Biblioteca de historietas', 3),
(2153, 'Nivelado', 3),
(2154, 'Baranda', 3),
(2155, 'Garita blindada', 3),
(2156, 'Garita con seguridad', 2),
(2157, 'Hall de triple altura', 1),
(2158, 'Hall de entrada decorado', 1),
(2159, 'Locker de guardado', 3),
(2160, 'Iluminación automatizada', 2),
(2161, 'Iluminación LED', 2),
(2162, 'Iluminación inteligente', 2),
(2163, 'Infraestructura para calefactor', 2),
(2164, 'Infraestructura para aspiradora central', 2),
(2165, 'Infraestructura para automatización', 2),
(2166, 'Infraestructura para campana extractora', 2),
(2167, 'Infraestructura para desempañador de espejos', 2),
(2168, 'Infraestructura para ascensor', 2),
(2169, 'Infraestructura para persianas', 2),
(2170, 'Infraestructura para sauna', 2),
(2171, 'Infraestructura para sistema de sonido', 2),
(2172, 'Infraestructura para toallero eléctrico', 2),
(2173, 'Interruptores táctiles', 3),
(2174, 'Exento de consorcio', 3),
(2175, 'Aislación térmica y acústica', 3),
(2176, 'Ventana automatizada', 3),
(2177, 'Ventanal', 3),
(2178, 'Ventanales grandes', 3),
(2179, 'Ventanales grandes con cortinas roller', 3),
(2180, 'Ventanas con persianas eléctricas', 3),
(2181, 'Chimenea de jardín', 3),
(2182, 'Chimenea exterior', 3),
(2183, 'Toilette con piso calefaccionado', 1),
(2184, 'Lavapiés', 3),
(2185, 'Lavado de autos', 3),
(2186, 'Lavadero con bacha de agua caliente', 2),
(2187, 'Lavadero con muebles a medida', 3),
(2188, 'Sala con parrilla', 1),
(2189, 'Sala gourmet', 1),
(2190, 'Araña de techo', 3),
(2191, 'Luces de emergencia', 3),
(2192, 'Manta acústica para losa', 3),
(2193, 'Manta asfáltica para losa', 3),
(2194, 'Marina para lanchas', 2),
(2195, 'Medidores individuales de gas y agua', 2),
(2196, 'A mitad de cuadra', 3),
(2197, 'Minimercado', 3),
(2198, 'Mini estanque', 3),
(2199, 'Mirador', 3),
(2200, 'Área de juegos múltiples', 1),
(2201, 'Amurallado', 3),
(2202, 'Pared de vidrio', 3),
(2203, 'Paredes de vidrio', 3),
(2204, 'Nichos esculpidos en baño', 1),
(2205, 'Bañera ofurô', 3),
(2206, 'Pared de vidrio reflectivo', 3),
(2207, 'Paredes aisladas', 3),
(2208, 'Paredes dobles', 3),
(2209, 'Parque de césped', 2),
(2210, 'Pasaplatos para entregas', 3),
(2211, 'Patio de servicio', 1),
(2212, 'Patio de maniobras', 1),
(2213, 'Techo elevado', 3),
(2214, 'Personal trainer del edificio', 3),
(2215, 'Muelle', 2),
(2216, 'Pilotis', 3),
(2217, 'Pintura acrílica', 3),
(2218, 'Piscina infinita', 2),
(2219, 'Piscina con bar', 2),
(2220, 'Piscina con hidromasaje', 2),
(2221, 'Pileta para niños', 2),
(2222, 'Piso antirruido', 3),
(2223, 'Piso de goma', 3),
(2224, 'Piso de madera entablonada', 3),
(2225, 'Pista para correr', 2),
(2226, 'Pista para correr/caminar', 2),
(2227, 'Pista de patinaje', 2),
(2228, 'Pista de aterrizaje', 2),
(2229, 'Carril para patinaje', 2),
(2230, 'Parrilla para pizza', 3),
(2231, 'Plaza pequeña', 2),
(2232, 'Pozo', 3),
(2233, 'Punto de agua caliente', 2),
(2234, 'Desagüe para triturador de cocina', 1),
(2235, 'Toma de TV en baño', 1),
(2236, 'Huerta', 3),
(2237, 'Solárium en la pileta', 1),
(2238, 'Porte-cochère', 3),
(2239, 'Portón con cámara de acceso', 3),
(2240, 'Portón electrónico', 3),
(2241, 'Puertas con reducción de ruido', 3),
(2242, 'Puertas con burletes', 3),
(2243, 'Puertas laqueadas', 3),
(2244, 'Potencial constructivo', 3),
(2245, 'Plaza boulevard', 3),
(2246, 'Plaza social', 3),
(2247, 'Edificio revestido en cerámico', 3),
(2248, 'Edificio sin ascensor', 2),
(2249, 'Pre-instalación para ascensor', 2),
(2250, 'Pileta y sauna privados', 2),
(2251, 'Piso entablonado', 3),
(2252, 'Proyecto de automatización', 2),
(2253, 'Proyecto lumínico', 2),
(2254, 'Buffer de seguridad', 2),
(2255, 'Cancha de beach tennis', 2),
(2256, 'Cancha de césped', 2),
(2257, 'Cancha de césped sintético', 2),
(2258, 'Cancha de arena', 2),
(2259, 'Cancha de futsal', 2),
(2260, 'Cancha de bádminton', 2),
(2261, 'Cancha de pickleball', 2),
(2262, 'Cancha recreativa', 2),
(2263, 'Dormitorio(s) con bañera', 1),
(2264, 'Dormitorio(s) con placard', 1),
(2265, 'Dormitorio(s) con piso flotante', 1),
(2266, 'Dormitorio(s) simple(s)', 1),
(2267, 'Quincho con parrilla', 3),
(2268, 'Quincho gourmet', 3),
(2269, 'Quinchos', 3),
(2270, 'Cielorraso de yeso suspendido', 3),
(2271, 'Reconocimiento facial', 3),
(2272, 'Red de tratamiento de efluentes', 2),
(2273, 'Red de seguridad en ventanas', 3),
(2274, 'Cafetería', 1),
(2275, 'Reforestación', 3),
(2276, 'Reservas', 3),
(2277, 'Restaurante privado', 3),
(2278, 'Reutilización de agua de lluvia', 2),
(2279, 'Zócalos de poliestireno', 3),
(2280, 'Balcón con parrilla', 3),
(2281, 'Habitación de Servicio', 1),
(2282, 'Sala de entregas', 1),
(2283, 'Living con barra', 1),
(2284, 'Grandes livings y comedores', 1),
(2285, 'Sala de estética', 1),
(2286, 'Sala de herramientas', 1),
(2287, 'Comedor con parrilla', 1),
(2288, 'Sala de pintura', 1),
(2289, 'Sala de ping pong', 1),
(2290, 'Sala íntima', 1),
(2291, 'Sala grande de 2 ambientes', 1),
(2292, 'Sala grande de 3 ambientes', 1),
(2293, 'Sala grande de 4 ambientes', 1),
(2294, 'Sala grande de 6 ambientes', 1),
(2295, 'Sala con aislación acústica', 1),
(2296, 'Sala con placard', 1),
(2297, 'Sala con balcón', 3),
(2298, 'Sala integrada a cocina', 1),
(2299, 'Hall con parrilla', 1),
(2300, 'Moldura de yeso', 3),
(2301, 'Sauna y jacuzzi', 2),
(2302, 'Semisuites', 1),
(2303, 'Sensor perimetral', 2),
(2304, 'Sensor de presencia en áreas comunes', 1),
(2305, 'Sensor de presencia en cochera', 3),
(2306, 'Sistema de esclusa de aire', 2),
(2307, 'Sistema de iluminación solar', 2),
(2308, 'Sistema de presurización', 2),
(2309, 'Suite con muebles a medida', 1),
(2310, 'Suite con placard y bañera', 1),
(2311, 'Suite con placard e hidromasaje', 1),
(2312, 'Suite con doble bacha', 1),
(2313, 'Suite con chimenea', 1),
(2314, 'Suite principal con placard', 1),
(2315, 'Suite principal con hidromasaje', 1),
(2316, 'Bacha de lavadero', 3),
(2317, 'Bacha de cocina auxiliar', 3),
(2318, 'Acuario', 3),
(2319, 'Estanque de peces', 3),
(2320, 'Teja galvanizada', 3),
(2321, 'Techo de teja', 3),
(2322, 'Tejas de policarbonato', 3),
(2323, 'Tejas de cemento', 3),
(2324, 'Terraza con parrilla', 1),
(2325, 'Terraza con techo retráctil', 1),
(2326, 'Terraza con hidromasaje', 1),
(2327, 'Terraza con jacuzzi', 1),
(2328, 'Terraza con pileta', 1),
(2329, 'Terraza con jardín', 1),
(2330, 'Techo retráctil', 3),
(2331, 'Techo retráctil automatizado', 3),
(2332, 'Tirolesa', 2),
(2333, 'Toallero eléctrico', 3),
(2334, 'Toma para bicicleta eléctrica', 3),
(2335, 'Tomas USB', 3),
(2336, 'Embarcadero', 2),
(2337, 'Sendero de trekking', 2),
(2338, 'Turismo rural', 3),
(2339, 'Espacio de carga y descarga', 3),
(2340, 'Espacio de embarque', 3),
(2341, 'Estacionamiento para personas con movilidad reducida', 2),
(2342, 'Espacio(s) para motocicletas', 3),
(2343, 'Tendedero compartido', 2),
(2344, 'Balcón con jacuzzi', 3),
(2345, 'Balcón con pileta', 3),
(2346, 'Balcón gourmet', 3),
(2347, 'Ventilación natural', 3),
(2348, 'Carril de desaceleración', 3),
(2349, 'Vidrio de alta calidad', 3),
(2350, 'Aviario', 3),
(2351, 'Ajedrez gigante', 3)
ON CONFLICT (id) DO UPDATE SET name = EXCLUDED.name, type = EXCLUDED.type;

-- Operation Types
INSERT INTO tokko_operation_type (id, name) VALUES
(1, 'Sale'),
(2, 'Rent'),
(3, 'Temporary Rent')
ON CONFLICT (id) DO UPDATE SET name = EXCLUDED.name;

-- Location Types
INSERT INTO tokko_location_type (code, description) VALUES
('Localidad', 'Localidad'),
('Barrio', 'Barrio'),
('Área', 'Área'),
('Localidad/Partido', 'Localidad/Partido'),
('Edificio/Zona', 'Edificio/Zona')
ON CONFLICT (code) DO UPDATE SET description = EXCLUDED.description;

-- Account Types
INSERT INTO account_type (id, name) VALUES
(1, 'inquilino'),
(2, 'dueño directo'),
(3, 'inmobiliaria'),
(4, 'red inmobiliaria')
ON CONFLICT (id) DO UPDATE SET name = EXCLUDED.name;

-- Exchange Rates (initial value)
INSERT INTO exchange_rates (currency_pair, rate) VALUES
('USD_ARS', 1377)
ON CONFLICT (currency_pair) DO UPDATE SET rate = EXCLUDED.rate, updated_at = now();
